mag,mag_error,time
1.4714113592648062,0.003146412783159591,2019-09-04T20:37:52.578
1.5280533502455818,0.004135317691121511,2019-08-20T04:58:04.866
1.5280118086030754,0.0020224527585023266,2019-08-21T11:44:19.767
1.5517214872013447,0.003235804022455101,2019-09-18T20:35:13.247
1.435425230241096,0.003174511270624763,2019-08-18T20:54:58.695
0.7242727267580626,0.00722010846368548,2019-09-24T04:41:20.595
1.5353300716926803,0.003047015948193433,2019-09-03T20:47:45.872
1.5662165385993632,0.0027404459642047818,2019-09-05T07:46:41.123
0.27918004256524753,0.0031442735836242405,2019-09-20T09:10:55.060
0.9314644908266274,0.002431259005032304,2019-08-16T20:55:21.706
1.4506912363961995,0.0017519774359226155,2019-09-17T08:57:13.170
1.4924794304756244,0.0029866752235332386,2019-09-21T00:03:21.233
3.296834401684805,0.016676219852270673,2019-08-30T00:24:15.350
1.0776677675802127,0.0020293104679986367,2019-09-11T20:21:24.728
0.9901240394458277,0.001867029611775856,2019-08-13T21:06:27.794
1.473959431535997,0.002086334008715275,2019-09-19T07:48:04.058
2.6280786297977006,0.007545192562390455,2019-08-21T04:44:50.777
1.5826227416190282,0.002247006042901343,2019-08-31T04:52:48.292
1.5251380887664236,0.003640075507172876,2019-09-28T20:21:25.812
1.400126695302216,0.0031783765037255566,2019-09-04T07:48:00.843
1.1802172099545878,0.0015253736753644916,2019-08-13T08:50:08.305
1.5579765082346793,0.0033169607010387152,2019-09-19T21:02:08.767
1.1791090699004965,0.0023516368659275582,2019-09-09T20:21:30.084
0.4407293300513633,0.0037333593924283315,2019-08-30T20:32:25.321
1.6228686398502425,0.003027307893478152,2019-08-05T21:48:27.313
1.5436177054522524,0.0032899960643711238,2019-09-25T20:50:02.199
1.0307644504212377,0.0017331457530006685,2019-08-14T23:46:48.422
0.9757375940108624,0.0024042452108538935,2019-08-11T21:00:18.359
1.5645906405537033,0.0031535759434539274,2019-08-04T04:22:59.089
1.493219309174311,0.0030493814866649344,2019-09-01T20:28:55.761
0.8220165902242869,0.007661306446328888,2019-09-23T20:30:40.610
1.3968140667202658,0.003401071808028799,2019-08-24T20:40:35.410
0.9050034706904597,0.002236889091405203,2019-08-08T20:56:26.804
1.468458571542815,0.003726723202551203,2019-08-27T00:02:55.888
3.152767956880317,0.011304218591803973,2019-09-22T00:07:34.553
1.292975329759436,0.0016423451632147643,2019-09-30T08:54:32.362
1.5987864736290724,0.002128632582403953,2019-09-25T08:21:29.653
1.4988355870290953,0.0031219467547383647,2019-09-26T20:04:33.432
1.2789078304992554,0.004426507775814007,2019-09-02T07:53:27.505
1.0606141676976701,0.0020941691018037537,2019-09-10T23:48:04.753
1.2444812423604041,0.002647017730761462,2019-08-31T23:45:41.381
1.638667881585075,0.0020499041507160707,2019-09-27T08:45:01.213
1.4706635272736417,0.0020214462065959943,2019-09-22T05:20:14.643
1.4950961068116335,0.003050714385682284,2019-09-17T20:19:50.866
2.966096293422318,0.010393391506896273,2019-08-26T04:54:11.046
1.157499803777231,0.002197626586737833,2019-08-18T23:48:02.199
3.173716978607443,0.011418083092040829,2019-09-03T23:45:40.605
1.117370304895882,0.002252760330936095,2019-08-09T20:53:07.304
1.5514221320312274,0.003246924200774584,2019-09-25T00:08:58.687
1.4951514683186122,0.00292656316080385,2019-08-21T00:38:58.397
0.6585871239142751,0.0010608090652089713,2019-09-12T07:48:47.902
1.6613418290708974,0.002135870027232084,2019-09-28T08:36:59.446
1.5707800100633733,0.0031258312727198657,2019-08-11T03:25:04.309
2.069696763027162,0.004238732210703981,2019-08-10T21:09:34.767
1.5820245093389502,0.0020714688494243593,2019-09-29T08:04:32.851
1.3099097639704294,0.002741574478211469,2019-08-07T21:27:51.446
1.1254449254112089,0.001436096124025353,2019-09-14T08:45:45.271
1.1144737576590114,0.0022155740992009,2019-08-12T22:57:49.073
1.5496346307482014,0.0034477158381028593,2019-09-25T00:31:10.216
1.4083249237565258,0.00333919829318328,2019-08-26T20:38:17.000
1.432804420894783,0.0028208720328347955,2019-09-20T00:10:07.317
1.4721653422698981,0.003995354835152612,2019-08-29T04:58:46.111
2.955116966358176,0.009752548609036784,2019-08-27T04:47:47.712
1.4324731940062279,0.003282416117859466,2019-09-29T04:11:22.860
1.5389091137777182,0.003128710704714183,2019-08-29T20:37:39.449
1.4142521485914017,0.002893796738381146,2019-09-18T23:45:53.993
1.3698917128321622,0.002879755134193096,2019-08-17T20:45:46.092
0.9424283313812687,0.002500170606300058,2019-09-07T23:48:10.631
1.0158539367811485,0.0019176646282046135,2019-09-15T00:15:15.853
1.554183113778361,0.0023821971887496,2019-08-05T05:08:22.171
1.5687507219553734,0.003310198763943452,2019-09-26T00:34:32.932
1.581010919499695,0.002147432952705171,2019-08-24T08:10:29.384
1.6367302987548804,0.0033283826589387082,2019-09-02T23:48:07.695
1.4342309008567824,0.0029735581429940166,2019-09-21T20:07:04.585
0.31265898507354883,0.0031066713836201223,2019-08-23T20:57:09.095
1.59420501269822,0.0030045889701752694,2019-08-06T03:22:48.730
1.579073100993611,0.003166453031972269,2019-08-01T04:14:14.030
1.4783393783557859,0.0018875496155793107,2019-09-30T05:10:23.820
1.5843940238529601,0.0030993165329430764,2019-08-03T22:59:15.857
1.0732337198512099,0.0038684386212074454,2019-08-25T20:45:36.732
0.6275909884626554,0.0011559723912190855,2019-08-15T08:52:26.628
0.575408013689886,0.001274107835064315,2019-08-16T00:28:18.529
1.021077719888046,0.0018129203449009984,2019-08-14T03:02:43.362
1.5456350774465513,0.0030583849786842347,2019-08-02T22:27:45.578
1.669637541196943,0.0020687666481040293,2019-09-27T08:25:19.891
1.4239613854815012,0.0033690709924417356,2019-09-17T20:44:11.908
1.589033611737344,0.0018908564847222886,2019-09-07T07:44:36.002
1.5606108597878272,0.0031064052687762205,2019-08-04T22:14:36.602
1.0645069829394913,0.0019898041032609783,2019-09-12T20:25:15.847
1.0614120404324545,0.0036785641417164997,2019-09-30T00:11:27.266
1.2838375415909908,0.002604143608361782,2019-09-20T21:03:14.008
1.291801787910872,0.0027248066569783725,2019-09-15T20:28:23.270
1.5176022763306385,0.002984742550118394,2019-09-04T21:04:52.572
1.5717138771883192,0.0022529413296964924,2019-09-27T04:50:39.680
1.1443744045821163,0.0021839455416559415,2019-08-13T03:17:25.860
1.3477546502692181,0.0016911863665489408,2019-08-18T11:54:30.232
1.6279280073726703,0.0032804357494743016,2019-09-01T23:44:38.409
1.5770374899738044,0.0022643132867330453,2019-08-11T08:50:29.718
1.4571305151890765,0.004810885688775564,2019-08-21T07:47:04.412
1.4434269228815797,0.0038211788661738862,2019-09-23T20:07:03.930
1.0065150396263718,0.0014557523273398217,2019-08-17T07:46:52.749
1.500380381627135,0.0028348680347955383,2019-09-26T05:12:16.091
1.9751936242135102,0.007166280196835111,2019-09-30T00:13:21.984
1.6762125664503635,0.002033828457590585,2019-08-23T07:48:19.407
3.0861443688747228,0.012025143975616067,2019-09-23T00:03:28.392
0.5570849976642549,0.0036839623000186218,2019-08-20T07:47:49.666
1.4785671380014733,0.002931158672105073,2019-09-05T20:45:45.897
0.7969287939111958,0.0013975175406631905,2019-08-15T04:49:34.534
1.576894071982176,0.002261513286283351,2019-09-26T04:51:27.463
1.102545783052184,0.001977688297131946,2019-09-11T23:46:55.968
1.4692390442314025,0.003042237767031699,2019-09-21T20:03:20.196
1.5266378689806945,0.0037857859750914926,2019-08-07T08:28:33.490
1.5918997690226924,0.001924616781973275,2019-08-09T08:26:24.542
0.7908273315368728,0.009658321865810837,2019-08-30T07:46:42.755
1.526621512981185,0.0024753838152489632,2019-09-02T04:55:44.024
0.5634007600580588,0.0012664785219958846,2019-08-16T00:31:59.899
0.9294493396957808,0.0017103439225251464,2019-08-14T20:52:45.836
1.6293022980482021,0.00202064626510771,2019-08-24T11:45:41.319
1.3241742200326971,0.0016674799343168933,2019-08-18T11:58:09.706
0.8057803344845205,0.00209045621383905,2019-09-18T07:48:03.989
1.5676027401760244,0.003076973695540504,2019-08-03T23:02:58.989
1.47087602948198,0.0028291852821593594,2019-08-06T21:06:37.679
1.621231510375484,0.002083398716215314,2019-09-22T08:03:21.482
1.506746260244169,0.0030252470845309096,2019-09-22T00:28:42.343
1.5670047281389987,0.0033368986759500043,2019-09-20T20:53:59.021
0.30700297061154025,0.001541852698750882,2019-09-07T20:18:38.441
1.2269480510293835,0.002950960017598732,2019-09-06T23:48:05.176
1.5471093348063416,0.0022279788233369544,2019-09-27T04:51:48.059
1.2122493883573675,0.0027578974156019865,2019-09-07T23:44:22.392
1.0994202303495921,0.005639185106369833,2019-09-23T20:07:41.039
1.0126825830885515,0.0019065847123797572,2019-09-15T00:18:58.862
1.280080711730717,0.004552955576892327,2019-08-31T00:36:25.669
1.6165228485418286,0.0019355473925567765,2019-08-08T08:27:36.730
1.5753855808481134,0.0022814180959104084,2019-08-11T08:51:38.409
1.4927289335283103,0.003927945173598283,2019-09-29T00:30:18.770
2.760722029411532,0.008328244105645055,2019-08-27T07:45:32.507
1.2961641684093266,0.0016388374795787781,2019-09-30T08:36:00.447
1.5192303954829498,0.0033266229828800894,2019-09-24T00:08:27.692
1.5084206836141512,0.003184115845461324,2019-09-24T00:07:23.438
1.5570332093941612,0.003054787410953748,2019-09-05T23:50:40.920
1.3859125982028377,0.003243899403371495,2019-08-22T07:47:49.588
1.5889546854148602,0.0033944031200629325,2019-08-24T00:25:16.347
1.1493833430375133,0.0021689407245421037,2019-08-19T00:15:53.511
1.028820862362501,0.0019056624419726935,2019-09-12T20:48:44.991
1.4203118893906268,0.003379991662054763,2019-08-26T20:40:45.567
1.5334597656939515,0.002214477939360633,2019-09-05T04:55:01.406
1.4460843710838542,0.003452756060661651,2019-09-30T20:07:02.260
1.6048555618184732,0.001940213775326276,2019-08-09T08:25:11.256
1.4426341341228621,0.002034901246164833,2019-09-06T07:45:41.243
0.8058698760732756,0.0014052449499384746,2019-08-15T04:48:26.036
1.3370637205854372,0.0015732657346438277,2019-08-13T08:27:32.595
0.9309948709009088,0.0019689987495596943,2019-09-08T20:19:49.940
1.359271252362129,0.0017595450252220716,2019-09-25T05:11:08.271
1.4697859438752943,0.002515699118469979,2019-09-12T23:44:28.641
1.4426430326813247,0.0035680932874386203,2019-09-24T04:18:49.937
1.5915772312928986,0.0025661677068890706,2019-08-04T09:56:10.318
1.5572031087497287,0.002381181642154749,2019-08-05T05:04:56.229
3.0807779310070673,0.011934805434368208,2019-09-23T00:07:12.651
1.5576753147172386,0.0031181306963966315,2019-08-02T04:39:46.307
3.009253314757834,0.01050077472931375,2019-08-26T07:46:43.488
1.3915281696515862,0.0018380864399098957,2019-08-20T11:52:04.516
1.6717735183257751,0.0020332073923337484,2019-09-25T08:16:45.679
2.8611904447740084,0.009096930308736812,2019-08-22T04:55:26.945
1.4591267691296164,0.0028822921523095776,2019-09-21T20:03:22.518
1.5549630807096069,0.003367141366701588,2019-08-29T00:13:35.436
1.5436453293450807,0.0031338653921286694,2019-08-29T20:36:26.485
1.3553326023758245,0.002845661982058936,2019-08-17T20:44:32.525
1.5865707916635277,0.002170421693868234,2019-09-29T08:18:37.514
2.6341664316599402,0.007428371696708418,2019-08-25T07:45:34.310
1.512015403353514,0.0030142983239221806,2019-08-21T20:56:30.620
1.3388695609383099,0.0030783536319291902,2019-09-04T21:01:10.760
0.019240412550212582,0.0005184513914600419,2019-08-16T11:45:41.515
1.0812422876625796,0.0022222415608867075,2019-09-18T00:09:47.256
1.5653826679646663,0.0032967822208504905,2019-09-26T00:33:19.060
0.8828120783103408,0.0012623558889853646,2019-09-11T07:45:38.085
1.6190051520814972,0.002010492810284691,2019-09-26T08:17:07.537
1.547463543712258,0.0033453365756838244,2019-09-24T20:20:01.720
1.3795294247598715,0.003385372658316431,2019-09-17T20:47:53.480
1.055134768917247,0.0019834431215104997,2019-09-12T20:27:44.391
1.2150606896276468,0.002174006199980353,2019-08-11T21:28:44.161
1.4538748297050663,0.0029078295313305887,2019-09-21T00:27:37.011
1.1054167970100828,0.00250126383391778,2019-08-11T21:01:32.880
1.4959262127353963,0.0030732596888770284,2019-08-22T20:56:58.429
1.5365071666461478,0.002246118786654827,2019-09-27T05:12:32.528
1.393576285695909,0.00284637321527489,2019-09-06T20:22:50.236
0.9696086984780266,0.0017201433581780815,2019-09-13T23:44:27.221
1.4834017527459888,0.0031959754805229,2019-08-19T20:54:01.240
1.4474386611707732,0.0017319003228685867,2019-08-18T08:57:44.771
1.4872621121004297,0.0032423916092483717,2019-09-27T20:30:37.087
0.7468471107560344,0.0015712475686686196,2019-08-16T23:47:04.999
1.494819809181445,0.003115981361015038,2019-09-26T20:05:46.768
1.5402669740374524,0.0021472082692524,2019-09-19T07:44:24.503
1.6405493369005963,0.0020345486180943636,2019-09-26T08:42:06.659
1.6227156037325159,0.0022410183694859726,2019-09-28T08:36:29.699
1.4844557106595655,0.0036519685189956197,2019-09-29T00:22:31.797
1.5901723091988558,0.0033088803058663554,2019-09-23T00:06:59.956
1.3296032778917333,0.002523686369331062,2019-09-08T23:46:50.749
1.008242036577272,0.0018672388980175638,2019-08-13T21:08:56.327
1.4824090234181284,0.0032148472501770165,2019-09-27T20:10:58.176
1.5629265407482045,0.0032692532620174344,2019-09-26T00:06:25.714
1.5172654631255789,0.0033140787536637133,2019-09-24T00:09:42.093
1.5355121502654825,0.0034086986833521166,2019-09-26T00:31:03.443
1.4222550075003362,0.0032049562661380167,2019-08-18T20:58:45.737
1.3670781454754426,0.001812499629243095,2019-09-23T05:12:16.432
0.7165034228762543,0.0010497429234538687,2019-09-13T07:46:51.077
1.5319002001488276,0.00200071847075402,2019-08-21T11:48:00.294
1.282249423440069,0.0029911703259792276,2019-09-20T05:12:13.290
1.5482107569584187,0.004413185163434529,2019-08-28T00:35:25.563
0.9699281436990752,0.0019019367644199248,2019-08-17T23:48:02.807
1.5109166208908746,0.00188339444846624,2019-08-19T07:44:21.309
1.1195510744313477,0.00711841412392499,2019-08-29T07:46:40.998
1.6338775725430814,0.002051689647512732,2019-09-23T09:10:20.637
0.6964393770486517,0.006386769722702305,2019-09-29T05:12:36.205
1.5633234258522997,0.003276719037815235,2019-08-10T02:59:46.542
1.577341611236049,0.0031348080208147677,2019-08-11T03:23:46.806
1.520258222292746,0.003123172721407191,2019-09-19T21:09:03.650
1.4230238220128282,0.0016918666668901952,2019-08-12T08:27:39.630
2.907618185265502,0.010962106710744915,2019-08-27T20:55:11.632
0.5100818903833018,0.011621719253983923,2019-08-30T04:54:37.847
0.9315038052398581,0.0019682395199571664,2019-09-08T20:21:04.870
1.5063994801476834,0.002955674929645076,2019-08-21T00:35:14.276
1.513218123751333,0.0035979054834850686,2019-09-05T07:45:32.730
0.7019344983100968,0.004772279249129919,2019-09-20T08:24:04.053
1.0512278684670573,0.0015229702048071855,2019-08-19T11:46:33.147
1.541892288506185,0.0031928562769042053,2019-09-24T20:34:05.109
1.5131103409454454,0.0033205280506010343,2019-09-26T20:10:53.247
1.092802312562009,0.002114631595069217,2019-09-14T20:31:22.734
1.5009676385193789,0.0034229620670711454,2019-08-25T23:45:40.829
1.0363435850214433,0.001963387876513455,2019-08-10T08:28:48.899
1.48487763667932,0.002955167403335615,2019-09-21T00:07:01.800
1.5691231151411884,0.0024418146833562384,2019-09-30T04:55:14.800
1.4779281152756223,0.004126355172701832,2019-08-25T00:24:10.839
1.4434400868785264,0.0019548247889022196,2019-09-22T05:16:33.537
1.5684087610208728,0.0023917621812398495,2019-08-06T10:08:46.344
1.4620286858148823,0.0020549845886557597,2019-08-08T05:00:35.000
1.2409210273029956,0.002804977677097394,2019-09-20T05:13:26.476
0.608385159058118,0.008823792186824001,2019-09-23T20:33:07.797
1.5583763530914432,0.003354021904079436,2019-09-19T21:03:23.154
1.1719313167560816,0.0023520955883964854,2019-09-09T20:22:44.338
1.555375357848824,0.0022663203904860854,2019-09-04T04:40:51.077
0.956687640418874,0.002321957781189118,2019-08-08T21:00:09.711
1.6364943748456877,0.0020130189863743673,2019-09-26T08:15:54.429
1.0290554547523652,0.0017337417849163472,2019-08-14T23:45:35.128
1.015866001316315,0.00293924895606819,2019-09-04T21:09:47.929
1.3877938855949328,0.0033728932039483205,2019-08-24T20:43:01.771
1.2915238799164221,0.0016293576217531363,2019-09-30T08:38:28.754
2.758207598236595,0.008314129226763063,2019-08-27T07:47:49.315
1.2599918894050184,0.002860115675562756,2019-09-20T05:14:39.655
1.4667783415076876,0.002046599881317991,2019-08-08T05:01:43.458
1.0857666373817612,0.002092901372853462,2019-08-12T03:10:01.319
1.5313329298493041,0.002722347379109527,2019-09-30T04:58:41.121
1.4521994250478638,0.001982429539646952,2019-09-22T05:17:48.231
1.7727329276703347,0.0070522931007427365,2019-09-22T08:19:47.078
1.8647762438883007,0.00355607482249616,2019-08-19T00:18:21.604
1.5889508466665472,0.0033823032763630394,2019-08-24T00:27:43.542
1.5535284457687766,0.0031350576467424882,2019-08-04T04:25:32.242
1.523548334609778,0.0024161798410196086,2019-09-03T07:46:42.219
1.560213723583587,0.0022618983248201925,2019-09-04T04:44:16.595
1.4198248583544721,0.0036613939601670372,2019-09-23T20:03:20.676
0.6678535536743411,0.0010544727975337778,2019-09-12T07:51:14.158
0.9705379241515093,0.0018654821420624884,2019-09-13T20:17:37.826
1.4702035973559742,0.002221725868617047,2019-08-07T05:02:44.854
1.3508620250032894,0.0016846830412912265,2019-08-18T11:55:43.347
2.6860164409476956,0.010622881032583072,2019-08-27T20:53:58.102
1.290050332572612,0.0022962413329134486,2019-09-15T23:46:52.099
0.7759709240146542,0.0015269587259732979,2019-08-10T08:25:05.798
1.3801889091143078,0.005275406982402903,2019-08-30T07:45:34.264
1.5539832378446299,0.0021825710060926536,2019-08-03T05:06:24.827
1.241905012879215,0.0023132137500934107,2019-09-10T00:18:33.468
0.13943477660801484,0.0031187606412722154,2019-09-16T20:17:22.876
1.5463672231526235,0.0032631293820323147,2019-09-24T20:32:51.457
1.673714265795688,0.0020367775651582965,2019-08-23T07:44:39.114
2.1758416649339907,0.00741151707811983,2019-09-30T00:17:05.127
1.5949112303405126,0.003201347671942522,2019-09-03T23:44:27.051
1.3178814448038274,0.0017436174864024299,2019-09-23T05:11:03.297
1.4337203647892096,0.0033217684011002217,2019-08-26T20:37:02.712
1.5344586167677363,0.0034124276673646336,2019-09-26T00:29:48.996
0.5114232928702851,0.007768211967578037,2019-09-24T04:43:37.420
0.3904460533020213,0.0008563701760372813,2019-09-13T07:48:04.218
1.5120138672728238,0.0030221243071346434,2019-08-22T00:40:35.283
0.68816631859411,0.006381734956900341,2019-09-29T05:13:44.586
1.0586223181019587,0.007361860982394676,2019-08-29T07:45:32.497
1.4877600576923236,0.003149791593633905,2019-09-04T20:35:17.297
1.5771819045741768,0.001924456719744701,2019-09-22T05:18:08.363
1.531236192882675,0.0020070316743411184,2019-08-21T11:46:46.456
1.3780337577895025,0.0031034628257670125,2019-09-20T05:15:54.927
2.982768310925782,0.01008910890019051,2019-08-27T04:48:56.212
1.1705047198130778,0.001532307140350557,2019-08-13T08:47:51.317
1.4429267752150974,0.001731849543414205,2019-08-18T08:56:31.719
1.5564551237129578,0.003133046210876892,2019-09-02T20:52:46.905
0.9579353429158708,0.0017122625732740935,2019-09-13T23:45:42.009
1.4718833026991671,0.0031714042684473018,2019-08-19T20:52:46.838
1.519375768716138,0.0036463889662462882,2019-09-28T20:18:54.987
1.4772417079123237,0.0030735098991243825,2019-08-22T20:58:12.392
1.6058293148528975,0.0029895831855392143,2019-08-05T21:45:59.871
1.372997448365128,0.0027947742476438575,2019-09-06T20:21:35.605
1.5333517033914443,0.003303837192071809,2019-09-25T20:52:29.855
1.3215970340304093,0.002505066246455518,2019-09-08T23:45:37.440
3.156459604016261,0.01473783649722079,2019-08-30T00:21:48.519
1.074579703505858,0.002040324315923878,2019-09-11T20:23:51.089
1.625340918526108,0.002171164825297555,2019-09-01T07:54:00.713
1.6111259295662244,0.002025224477293026,2019-09-26T08:43:22.139
1.4786573849943139,0.0031959812796603145,2019-09-27T20:31:50.686
1.3657458764753372,0.0033539477892772195,2019-08-24T20:39:22.159
2.9486164186686192,0.00945104855958666,2019-09-22T00:08:48.128
1.4196186452141522,0.0029358820080252587,2019-09-20T00:11:07.531
0.9167664131544111,0.0011755339369960752,2019-09-13T07:44:24.544
2.644526201838394,0.0075330326969763935,2019-08-25T07:44:25.950
1.6012919344006011,0.002135269387434124,2019-09-29T08:22:17.397
0.017995435661443793,0.0005158600072926933,2019-08-16T11:46:54.678
1.4859935895043144,0.003018405470671981,2019-09-04T21:02:24.531
1.0594502517931481,0.0019807260063294356,2019-09-12T20:28:58.613
1.470292092309137,0.003053101953496064,2019-09-17T20:21:04.840
1.2890060637487935,0.0036467231397915825,2019-09-17T20:46:40.139
1.5581050889878618,0.0033698484334077085,2019-09-24T20:16:17.837
1.0289125264664598,0.003465888889460878,2019-09-30T00:13:55.743
1.448981125881586,0.003327125444947225,2019-09-30T20:08:59.367
1.2808616270544277,0.0016345439176057796,2019-09-30T08:55:45.382
1.1396831417360502,0.0021018653436072864,2019-09-10T23:44:24.485
1.6059111260407057,0.00212958616475707,2019-09-25T08:22:42.719
1.4913734727992285,0.0029104672363496472,2019-09-05T20:42:04.251
0.8685106893785388,0.0017868417487902338,2019-09-15T23:45:38.646
1.5628346412025262,0.0031354728731262257,2019-08-02T04:38:31.788
1.128689882886368,0.0022948012128420773,2019-08-09T20:54:22.007
1.8919219758362278,0.003643021995318674,2019-08-18T23:44:21.814
1.5759880129103525,0.0028470549953262107,2019-08-04T09:57:23.539
2.968268770938219,0.010400135338662065,2019-08-26T04:55:19.447
1.57874495397866,0.0022539272501467832,2019-09-26T04:53:44.785
1.1964674222905636,0.0014991705397315771,2019-09-25T05:07:26.303
1.4794786587684055,0.004566820008468379,2019-08-21T07:44:37.991
3.0856115852296213,0.011215123538241152,2019-08-26T07:45:34.957
1.5586607240469998,0.0032675456918223665,2019-09-25T00:07:44.694
2.8633479159362984,0.009109655194730358,2019-08-22T04:54:18.541
1.6722191893270804,0.0020379094398638876,2019-09-25T08:15:32.494
1.5093562069481283,0.00313406269386226,2019-09-24T00:11:03.529
1.5840302691130148,0.00240469145439507,2019-08-06T10:06:29.362
1.4797598715681808,0.0038879349741989763,2019-09-29T00:31:33.241
0.5758707180891331,0.003452552314961981,2019-08-20T04:54:39.394
1.4042811971496025,0.0033661750803064354,2019-09-29T04:13:39.672
1.1150903903280227,0.0014354791519151581,2019-09-14T08:43:18.882
1.3190553584297948,0.0027449258520052013,2019-08-07T21:29:06.029
1.451167845969648,0.0034831470740609386,2019-09-30T20:03:18.756
0.9835695025811848,0.002747549139959759,2019-08-22T07:44:24.299
1.0154164248300503,0.0019064398089876787,2019-09-12T20:49:58.545
1.17960775358093,0.002209749648546914,2019-08-12T22:55:19.170
0.8342370771610579,0.002231913584255503,2019-08-16T20:56:36.461
0.9958750712349964,0.0018703490727323402,2019-08-13T21:05:13.421
0.6004763280716663,0.01060604649044605,2019-08-30T04:56:54.828
0.6099921175182352,0.0018503673071603435,2019-09-18T07:44:23.387
1.5570534294651868,0.0021109562076960455,2019-09-23T09:11:34.973
0.7564192794854652,0.0015547377169062937,2019-08-15T20:54:09.044
1.4661259736631926,0.0031568416577740545,2019-08-28T20:41:42.962
1.0129630872006121,0.0019065655116845095,2019-09-15T00:17:44.670
1.4421583840300958,0.0033641232281883646,2019-08-31T00:37:38.807
1.2033218821265095,0.002732239380207864,2019-09-07T23:45:41.955
1.4677987082019364,0.002421686696736393,2019-08-22T11:53:45.842
1.6216696143186233,0.0021472296661914445,2019-09-22T08:04:34.839
2.9251182203570227,0.009065131155035057,2019-09-06T23:46:51.637
1.4618760902800734,0.0028139139639334404,2019-08-06T21:02:54.922
1.513602441544398,0.003426309599084893,2019-08-25T23:48:07.319
1.597312011182595,0.002156478894096455,2019-08-24T08:12:57.657
2.8366915987569286,0.008881685090307187,2019-08-22T04:57:45.100
0.6582952877364363,0.0012846736329190254,2019-08-17T07:45:38.472
1.507778207490567,0.0028345457466765226,2019-09-26T05:11:07.601
1.574662205083186,0.003376745402286508,2019-08-29T00:16:04.193
1.525183699353379,0.0030960290747543257,2019-09-19T21:07:47.657
1.6625496874292427,0.003331305534926478,2019-09-01T23:48:18.039
1.5105139352511028,0.003697797019271677,2019-08-07T08:27:24.972
1.4732886850588045,0.0031663306856608278,2019-09-21T20:07:04.200
0.2410059702928784,0.005534393527107468,2019-09-20T08:20:24.354
1.4503866477709835,0.002912674641359522,2019-09-05T20:44:32.087
1.0993570825128138,0.0019792813301843532,2019-09-11T23:45:42.745
1.5792946080009038,0.0022601689313928716,2019-09-26T04:50:18.973
0.5558009058659046,0.0037319224764967977,2019-08-20T07:44:24.462
1.530489684376203,0.002292781846445604,2019-09-03T04:55:01.305
3.0904080464689088,0.012068863197937561,2019-09-23T00:04:43.015
0.1607382307464249,0.0016037881276254275,2019-08-16T04:51:38.526
1.5688435490526746,0.0031414002364995117,2019-08-02T04:42:15.117
1.4472254384430592,0.0034322655350754673,2019-09-24T04:21:06.728
1.5592019105298132,0.0030889096090121583,2019-08-04T22:15:50.872
1.5860307818986978,0.0018868628983405103,2019-09-07T07:48:17.531
1.2762358782571397,0.0025886762769365694,2019-09-20T21:02:00.769
1.5457010780065907,0.003041853033478501,2019-08-02T22:28:59.917
1.4878946606287915,0.003178446247980709,2019-08-28T20:40:29.742
1.649176565744824,0.0020450870280430285,2019-09-27T08:28:59.171
1.4723540905425487,0.004131854256319127,2019-08-25T00:20:25.432
1.0248708629193892,0.001819617318039661,2019-08-14T03:01:30.157
1.5840356881819204,0.002121931659746325,2019-09-23T09:10:20.567
1.5179041555618813,0.003258119256093714,2019-09-25T20:31:26.782
1.1442906279897045,0.002180457669969989,2019-08-13T03:18:40.296
1.5060597337553574,0.003024232998236227,2019-08-21T20:58:59.960
1.508914795739221,0.0029331050629198864,2019-09-04T21:08:34.956
1.472273969968244,0.0025121369642170438,2019-08-22T11:50:06.192
1.5842200999818346,0.0025635883628922066,2019-08-05T08:26:17.451
1.6397142761156047,0.0033490166908691685,2019-09-02T23:44:27.344
0.3419115099231549,0.01284118627306487,2019-09-21T04:44:05.971
1.5844304186441551,0.0021549848165319132,2019-08-24T08:09:16.322
1.482829970812201,0.0029340283636724493,2019-09-06T23:44:23.610
1.4306171040479594,0.002961860449352522,2019-09-20T00:07:23.252
0.5742122185147309,0.001270080639058507,2019-08-16T00:29:31.757
1.4864679750004388,0.0032228700178811073,2019-09-27T20:09:44.927
1.521856283359602,0.0020264134361470958,2019-08-23T11:45:57.647
1.417641431969832,0.0031366502190798206,2019-08-25T20:41:52.460
1.5989351553954343,0.0033495579384952455,2019-09-23T00:03:19.665
0.6183309815953457,0.0011516673768299538,2019-08-15T08:51:18.138
1.5950464570719394,0.003115125107643274,2019-08-03T23:00:30.220
0.7530160445029814,0.001570847514369826,2019-08-16T23:48:18.218
1.446244580963608,0.0033159499704562903,2019-09-30T20:07:46.087
1.5783964092323775,0.0033641683384542827,2019-08-09T02:26:28.243
0.09605474431943861,0.002514036157938899,2019-08-12T22:59:03.743
1.5486854614230303,0.0034416176326285404,2019-09-25T00:29:55.704
1.1970106044772741,0.010162319113905022,2019-08-25T04:37:18.167
1.5013625028494832,0.0035378772579804717,2019-08-27T00:00:27.204
1.0221293475072386,0.008043757370348202,2019-08-26T04:02:32.342
1.5556786973489203,0.0023763991872911686,2019-08-03T08:26:17.801
1.4324683104030438,0.0031834952428677816,2019-09-29T04:10:14.370
1.5412023524980665,0.0032710507459954383,2019-08-10T03:01:00.958
1.6205976473152734,0.0020426438797928486,2019-09-23T09:11:33.996
1.4028903184878505,0.0028894151302075867,2019-09-18T23:44:38.941
1.6418954543460487,0.0020490501801815647,2019-09-27T08:47:27.695
1.438266186333383,0.0028338732176982876,2019-09-20T00:06:27.196
1.5467237336082782,0.0033247237393298056,2019-08-28T00:36:39.676
1.5498675131159558,0.0033264437788314964,2019-09-25T21:16:30.512
1.132202299806936,0.0020253096870841707,2019-09-12T23:48:08.834
1.568141765971296,0.0023912058259574795,2019-08-05T05:06:05.219
1.5121332029345922,0.0033417941509598552,2019-09-26T20:08:24.400
1.3359862770344257,0.001575189021899986,2019-08-13T08:26:19.538
1.4991606690925074,0.0029943987494508257,2019-08-22T00:41:49.631
1.2009739236070445,0.0015955221460723632,2019-08-19T11:48:59.338
1.5474980967893028,0.0031905687537958174,2019-09-24T20:36:33.792
1.478000866082576,0.0017051094996354502,2019-08-12T08:25:12.185
1.4444353973383102,0.0029172746247370478,2019-09-21T20:04:36.942
1.521399199668112,0.0023002807409833285,2019-09-03T04:56:10.014
1.501374937703842,0.0019868916253033093,2019-09-28T08:40:42.365
0.4273510633642186,0.0009154055700870032,2019-09-12T07:47:34.628
1.5044457035362147,0.002943025238453906,2019-08-21T00:37:43.979
1.415204510686161,0.001840822570658481,2019-08-20T11:53:17.639
0.9190388876990792,0.002263846274086612,2019-08-08T20:57:41.080
1.0564541521357675,0.002097191464635733,2019-09-10T20:21:19.588
1.4110311328787493,0.002842569226096114,2019-09-01T20:25:12.705
0.6647126782400861,0.002124945648701607,2019-09-18T00:06:02.282
1.5648602476516889,0.0031287372987270053,2019-08-04T04:21:44.301
1.3736732859869782,0.004806506402154288,2019-08-29T04:56:29.140
1.6114370665034627,0.002159244368979885,2019-09-01T07:52:47.332
1.4766945577166606,0.00205344900066368,2019-08-08T04:58:18.127
1.2511863275360433,0.00267464394783788,2019-08-31T23:44:28.030
1.4576581981850119,0.0029266915295763554,2019-09-21T00:26:23.709
0.6405465294800603,0.0011238009925822808,2019-09-11T07:46:51.280
1.052602479323344,0.006078711604454045,2019-09-02T07:50:02.194
1.4999063850285577,0.002106284562471926,2019-09-19T07:46:50.808
2.582506095945007,0.007052187490223106,2019-08-21T04:48:16.224
0.9307798419523827,0.0017072671036219306,2019-08-14T20:51:31.610
1.0794416386372507,0.002079449058341938,2019-08-12T03:08:48.038
1.4507908233937812,0.001778159407131343,2019-09-10T07:46:50.679
1.0758978048767833,0.002032200668442129,2019-09-11T20:20:11.358
1.5963800444022258,0.0021225227938160467,2019-09-26T08:15:51.499
0.5871238121172411,0.0017050489633590818,2019-09-17T08:53:32.853
1.5371582364580316,0.0025342527679938303,2019-09-02T04:54:35.523
1.4798469580045133,0.003643310623208163,2019-09-29T00:20:02.763
1.5101212788974916,0.0030673007649703312,2019-08-22T20:54:26.992
3.227513276959865,0.012828467215719687,2019-09-25T20:48:49.078
1.100951336437328,0.0055522495658354865,2019-09-23T20:06:27.535
1.505755424131367,0.0027248690633161357,2019-09-04T07:44:21.360
1.523896209789834,0.0024285376397871015,2019-09-03T07:45:33.824
1.575522775738266,0.0033646329212913204,2019-09-20T20:50:15.389
2.79556496418968,0.008254283010218716,2019-09-22T00:29:56.809
1.5885792186490821,0.0022433409866122536,2019-08-31T04:51:39.897
0.9665191698657942,0.0018589191923330105,2019-09-13T20:16:22.352
1.7005867693820864,0.009862695575976464,2019-08-25T04:38:26.777
1.566722191978764,0.003231760233048041,2019-09-18T20:33:58.906
1.5763008879129696,0.0019411815040706706,2019-08-08T08:26:23.632
0.9706966066373717,0.001908450525546956,2019-08-17T23:45:36.354
1.49415512193384,0.002218378659590056,2019-08-07T05:01:36.454
1.4530452637451923,0.0018731388499433248,2019-08-19T07:46:47.797
1.4060422675734596,0.0020359184284494745,2019-09-06T07:46:54.437
1.5498329576101195,0.0022294578617916942,2019-09-05T04:56:09.820
1.542117795738731,0.0021928248646975366,2019-08-03T05:07:33.427
1.2435769677919737,0.0023171086959508755,2019-09-10T00:17:19.416
1.529311210332624,0.0031859647005095314,2019-09-26T00:08:52.378
0.705824268347321,0.0010746363966834664,2019-08-14T08:27:42.965
-0.2502027171722663,0.010615398102932837,2019-08-31T07:46:41.119
1.5236084308103397,0.0033814618262937783,2019-09-26T00:33:32.016
1.415935332193591,0.003195136244897118,2019-08-18T20:56:16.988
1.0744398596295444,0.0020231730374622053,2019-08-10T08:27:35.831
1.5146551833688608,0.003403763979289755,2019-08-25T23:44:27.476
1.5122843007914106,0.0033184149685488106,2019-09-26T20:12:07.629
1.0872922235822102,0.002116725290690729,2019-09-14T20:32:36.483
0.651782677233566,0.0048576107471279,2019-09-20T08:22:50.707
1.0609151225766187,0.001526786362299929,2019-08-19T11:45:20.028
1.538668106320971,0.0031815140227767964,2019-09-24T20:35:19.472
2.0385672637710694,0.004068608597235436,2019-09-10T00:21:00.283
1.5662126253172932,0.003346692546519879,2019-09-25T21:17:43.824
1.553009273046829,0.0028891201216682256,2019-09-05T07:44:24.240
0.9308808534149904,0.001968845700637038,2019-09-08T20:22:17.869
1.2463783183529369,0.0032239085056283705,2019-08-27T20:56:24.855
0.5554021752254732,0.011306256529102512,2019-08-30T04:53:29.450
1.4299773204713375,0.001692034251948522,2019-08-12T08:28:52.628
2.3330740022339516,0.007371962547551401,2019-09-22T08:22:13.677
0.04728227144489772,0.0040159061342020085,2019-08-30T20:34:55.904
0.6568424277873692,0.002748391795756418,2019-09-04T21:11:01.054
1.6241803141707933,0.0020123895600817755,2019-09-26T08:14:41.347
1.032102644566276,0.0017375722921970816,2019-08-14T23:44:21.645
1.1756270781565092,0.0023502096465225124,2019-09-09T20:23:58.511
1.5599550720146702,0.002253063925187136,2019-09-04T04:41:59.584
0.4082713400292146,0.009495002924672518,2019-09-23T20:34:21.330
1.059141457829325,0.0021018596040760984,2019-09-10T20:22:34.542
1.1227850619518112,0.0028420115674914776,2019-09-20T05:12:13.294
1.5835529619958795,0.0023893080016154497,2019-08-06T10:07:37.842
1.4664387632472877,0.002053560674156389,2019-08-08T04:59:26.527
1.5549454137242638,0.003057210588208888,2019-08-02T22:31:30.006
1.5615422278975473,0.0024301017394090883,2019-09-30T04:56:23.197
1.4692169773587054,0.004152641469953913,2019-08-25T00:22:56.502
1.4909273418952367,0.002967138453727879,2019-09-21T00:05:48.373
1.4891454228331718,0.0032228854964254567,2019-09-27T20:12:11.287
1.5951501714173766,0.003319104343074293,2019-09-23T00:05:46.722
1.4541346277333425,0.0017610312497586536,2019-09-10T07:48:03.737
1.3219798718068017,0.0025078378537976365,2019-09-08T23:48:04.021
1.4734897909487863,0.0036327736180552304,2019-09-29T00:23:45.383
1.6103980471996238,0.0022521753544702825,2019-09-28T08:37:42.812
1.4529665312436517,0.0033255289594977546,2019-09-30T20:05:19.651
1.4926114975671698,0.003277133950484414,2019-09-27T20:29:23.529
0.7541497737999858,0.0015720003832653182,2019-08-16T23:45:51.860
1.5084643188957614,0.003149712477895397,2019-09-26T20:07:00.069
1.433155703337924,0.0017322778249587736,2019-08-18T08:58:57.739
1.5641315968508778,0.0031365734205862942,2019-09-02T20:50:20.054
1.5376573407330945,0.0022488183490370125,2019-09-27T05:11:24.046
1.3980969414836615,0.002860974189652347,2019-09-06T20:24:04.754
1.0268831415503303,0.0025183255075959124,2019-08-11T21:02:47.341
1.5183721192404978,0.00306967297132841,2019-08-22T20:55:45.119
1.5470447982722213,0.0032829812540379256,2019-08-10T02:58:32.291
1.5766572323834147,0.003139654189658648,2019-08-11T03:22:33.147
1.1818237063380153,0.006314676796282561,2019-08-29T07:47:49.471
0.6877708561520475,0.006405236443183339,2019-09-29T05:11:27.825
1.5441975822114422,0.0018692169316324402,2019-09-22T05:15:38.423
0.8987404078345733,0.0019130027168995144,2019-08-17T23:46:49.441
1.484380145989313,0.0018767576034655125,2019-08-19T07:45:34.746
1.3745105453984294,0.0028655999905162323,2019-09-20T05:13:26.619
0.729668120978733,0.0010826626632131112,2019-08-14T08:28:56.733
0.8510294725775172,0.00113793028256073,2019-09-13T07:45:37.902
1.5350808906955606,0.0033940482934453793,2019-09-26T00:32:17.847
1.3923995424193851,0.0018639451757939307,2019-09-23T05:13:29.689
1.5246465428022216,0.0033257959084140613,2019-09-24T00:10:56.332
1.5342910582575087,0.003188504611081827,2019-09-26T00:07:39.157
1.5424418857935063,0.0031325733851677354,2019-08-29T20:35:13.287
1.3514056572366453,0.002812159879263825,2019-08-17T20:43:19.113
1.5669930990725867,0.0033834086337081576,2019-08-29T00:12:22.151
1.6727109958965176,0.0020341180139922307,2019-09-25T08:17:58.814
2.8462436857155975,0.00896728796098714,2019-08-22T04:56:36.152
1.5494923830618372,0.00325814623967005,2019-09-25T00:05:14.865
3.0971171255074097,0.011317005065631361,2019-08-26T07:47:51.856
1.4208774903607555,0.0018449199667945294,2019-08-20T11:50:51.287
0.06707765013725187,0.0012450558249602714,2019-08-16T04:50:30.022
1.5636583493982723,0.0031266036773997885,2019-08-02T04:41:00.800
1.439572000158579,0.003501557082393799,2019-09-24T04:17:41.426
1.5871925381682228,0.0026785502794329586,2019-08-04T09:54:57.209
1.4735497868404597,0.0025197807628278245,2019-09-12T23:45:41.795
1.2969914560139468,0.0016842182494665972,2019-09-25T05:09:55.051
1.3354795977608074,0.0015738037550059023,2019-08-13T08:28:45.749
1.4609297567086585,0.0029256533178279257,2019-09-21T00:28:51.071
1.0541189668158175,0.001983247149350587,2019-09-12T20:26:30.149
1.2137659352502865,0.0021727522855149316,2019-08-11T21:27:30.979
1.6107959051207636,0.0021798553624693445,2019-09-01T07:50:16.008
1.6085806041007462,0.0020009266048251393,2019-09-26T08:18:20.588
1.5549630993328911,0.0033660477732207687,2019-09-24T20:18:47.256
1.0823286338972213,0.0013842417727163254,2019-09-11T07:44:24.898
1.5921596919345493,0.0025985584621066276,2019-08-05T08:25:08.968
1.0086566173642417,0.0022386370870013995,2019-09-18T00:08:31.204
1.5315529652992534,0.003273874981867888,2019-09-25T20:30:13.244
0.017334137336881383,0.0005117747639436639,2019-08-16T11:44:27.808
1.5987559078772087,0.002151503447897764,2019-09-29T08:19:50.903
2.6205488947446582,0.007489627132397661,2019-08-25T07:46:42.791
1.5164543926880345,0.003015577511526753,2019-08-21T20:55:12.944
1.3666831391448504,0.0041277379522328015,2019-08-31T00:35:12.447
1.1052867936367825,0.005748469391988434,2019-09-23T20:08:54.200
0.36370109576458454,0.0016068168602365541,2019-09-07T20:17:22.744
1.5777996904389457,0.0033556216774185167,2019-09-20T20:52:44.898
1.5053279641669057,0.003025226433269446,2019-09-22T00:27:29.213
0.3114372023593086,0.013087430052380323,2019-09-21T04:47:31.164
1.4775593005216425,0.0028263068401407437,2019-08-06T21:05:23.382
0.4633312173791513,0.001887851045629821,2019-09-18T07:46:50.978
1.637290555551898,0.002026933954860173,2019-08-24T11:46:54.347
0.7468148203507017,0.0015608119069165408,2019-08-15T20:51:40.237
1.5368816741339835,0.0021105349485732333,2019-09-23T09:14:01.409
1.5299840370073632,0.002479405179637163,2019-09-02T04:56:52.416
1.4670608755509988,0.0020526584785957066,2019-08-23T11:44:44.455
1.4820912474254104,0.003172911321784478,2019-08-28T20:44:11.451
1.555945411766091,0.002237769618197664,2019-09-05T04:53:52.919
1.012441056912543,0.007966086972288363,2019-08-26T04:03:40.923
1.4481396440653427,0.0034982354575287117,2019-09-30T20:05:47.761
1.4747780393295606,0.002024456071391407,2019-09-06T07:44:28.102
1.1399839791055424,0.002168695251986416,2019-08-19T00:14:40.183
0.9211038502747506,0.002642540843872576,2019-08-22T07:46:41.218
1.5878948096189482,0.003383218512206286,2019-08-24T00:26:29.669
1.5507393772777665,0.003038563922179404,2019-09-05T23:51:54.220
1.5140339275089207,0.0031581166728829346,2019-09-24T00:08:37.080
0.9730378148007546,0.0018366814039954154,2019-09-13T20:13:53.668
1.5248038748879544,0.0033435458315940096,2019-09-24T00:07:12.347
1.465010154573866,0.0034624291925730733,2019-08-28T00:39:06.196
1.3028791432333762,0.00164648515303176,2019-09-30T08:34:47.175
1.4693062145147415,0.002205726745111399,2019-08-07T04:59:19.586
1.5601471551714106,0.0023293227966634474,2019-08-03T08:25:09.111
2.7554518447453713,0.008324559448069249,2019-08-27T07:44:23.813
1.624396524732937,0.0019372584086431038,2019-08-08T08:28:49.914
1.1470376118943797,0.002186562713430517,2019-08-13T03:16:11.438
1.5688251885642703,0.002260083294252066,2019-09-27T04:49:31.208
1.5129837432091442,0.0032460852438937512,2019-09-25T20:33:56.581
1.5181951847279826,0.0029819944213111587,2019-09-04T21:06:06.396
1.3241893541736598,0.0027572246784505895,2019-09-15T20:27:09.999
1.5773818325025903,0.0025711371641453412,2019-08-05T08:28:34.480
1.287658890117374,0.0026014178766100185,2019-09-20T21:04:27.340
1.5874071867066295,0.0018841902750330016,2019-09-07T07:45:50.891
1.562168741586401,0.0031062906759145564,2019-08-04T22:13:22.152
1.1051995712089582,0.0037076598645688626,2019-09-30T00:10:14.001
1.6557189607124307,0.002049552513819495,2019-09-27T08:26:33.051
1.0164787904136698,0.001805239192163869,2019-08-14T03:03:56.504
1.592313357958064,0.0019246300289431158,2019-08-09T08:27:37.753
0.35544442469977966,0.01231227586364363,2019-08-30T07:47:51.377
1.4788284598428554,0.0030937360088047383,2019-09-21T20:04:34.919
0.8040301251977429,0.0014003861915301789,2019-08-15T04:50:43.114
1.5796597999485957,0.0022496405059098537,2019-09-26T04:52:35.885
1.1030326908812835,0.0019806493461142355,2019-09-11T23:48:09.238
0.18915120990627088,0.0016943159371738184,2019-08-16T04:53:55.436
0.5511162944788239,0.0036956491710487343,2019-08-20T07:46:41.273
2.0224024812512162,0.007159909260653837,2019-09-30T00:14:36.210
1.6688339033228736,0.0020399516742554903,2019-08-23T07:47:05.868
0.5024523338521014,0.0011988284315786891,2019-08-17T07:48:06.113
1.6159954099922427,0.0021299673729477456,2019-09-26T08:14:37.212
1.4346264316767225,0.0037659716567064227,2019-09-23T20:05:49.338
1.6342077535517827,0.0032779569709585664,2019-09-01T23:45:51.757
1.443911057852933,0.004804385208921924,2019-08-21T07:48:17.475
1.5760305121099645,0.002261116994545621,2019-08-11T08:49:21.129
1.5481177231796437,0.0031261302252667588,2019-09-19T21:05:20.275
1.5367994122599455,0.002483851254749026,2019-08-03T08:28:34.604
1.5442835085170952,0.003136827285515358,2019-08-29T20:38:52.846
1.398858085936629,0.0028770537961788937,2019-09-18T23:47:08.350
1.4157407454657474,0.003307107518001523,2019-09-29T04:12:31.273
2.978128483567086,0.009905220348093094,2019-08-27T04:46:38.611
1.4040737378518884,0.004700744007785736,2019-08-29T04:57:37.630
1.4337755772812315,0.0028139368085885164,2019-09-20T00:08:53.996
1.4188042730110855,0.0033470976365857297,2019-08-26T20:39:31.408
1.617637071855933,0.002431228345651956,2019-08-04T09:53:41.810
1.575817771660244,0.003350447862477661,2019-08-09T02:28:55.794
1.1781174941681716,0.002206897922450961,2019-08-12T22:56:34.076
1.1017033311192783,0.0014283947480671646,2019-09-14T08:46:58.443
0.12225191801062607,0.0025219253328111727,2019-08-31T20:24:47.349
1.3207522178243387,0.0027495658110131735,2019-08-07T21:26:36.579
1.0027657558669318,0.00796339666681836,2019-08-26T04:00:15.332
1.6003857709243317,0.002073589181185964,2019-09-29T08:05:46.052
0.7445108207425815,0.0015520644338876614,2019-08-15T20:55:23.257
1.358037778348745,0.0031740335475955125,2019-08-25T20:44:21.144
1.5187833065484444,0.0020255180620872737,2019-08-23T11:48:24.035
1.4634661420158181,0.0018638784805467368,2019-09-30T05:09:10.634
1.589079000264892,0.0029918844654721545,2019-08-06T03:21:35.275
1.5950838785893247,0.002006089031819224,2019-09-26T08:45:48.428
0.3639426658445917,0.002977622022226223,2019-08-23T20:55:54.802
0.9374325074943659,0.001709215008064909,2019-09-13T23:48:08.377
1.6376799490273122,0.003337980231538929,2019-09-02T23:46:54.249
1.5623983878791403,0.003291086704951647,2019-09-26T00:35:46.490
1.613443976666531,0.002160676125300606,2019-08-24T08:11:42.769
1.498926310272548,0.0030629020029811077,2019-09-17T20:18:37.471
1.6396136969186532,0.002042445036559589,2019-09-27T08:43:48.077
1.5705366626781085,0.0033109292431326444,2019-08-31T23:46:54.739
1.1351474006268525,0.0020899705261225665,2019-09-10T23:46:51.565
1.3049191742616433,0.00447235809728626,2019-09-02T07:52:19.004
1.5737157100063879,0.0021352563896292493,2019-09-25T08:20:14.391
1.4874017192204079,0.003108051944924287,2019-09-26T20:03:20.262
0.23176509997363048,0.002512461515533059,2019-08-23T00:56:34.659
1.2935379862197482,0.0016396228177731193,2019-09-30T08:53:19.026
1.4885213262394945,0.0036333845768051296,2019-08-27T00:01:41.704
1.3635802624803226,0.0033134332505424,2019-08-24T20:41:48.592
1.0624986373628627,0.002084667679173231,2019-09-10T20:18:49.757
0.7070241992351285,0.008031906889806154,2019-09-23T20:31:53.969
1.4631779134268719,0.0029765279685053055,2019-09-01T20:27:41.469
1.5594807328559828,0.003149027752991353,2019-08-04T04:24:16.109
1.024956996310289,0.002437793039239336,2019-08-11T20:59:04.012
1.2366636788656873,0.0023491360420169662,2019-08-10T21:08:20.618
0.6909721448337187,0.006385418611550324,2019-09-29T05:10:19.425
1.6460488711744556,0.0021598768678949246,2019-09-28T08:38:16.273
0.7599678968476073,0.0011245356221673602,2019-09-12T07:50:00.987
1.1289244583269369,0.002217419344897635,2019-08-09T20:51:52.777
1.548735910481966,0.0033471944534962587,2019-09-25T21:14:03.384
2.5654710516108903,0.011111553719421451,2019-08-26T04:53:02.526
1.1633555029862954,0.002197516582564741,2019-08-18T23:46:48.946
1.5819982053087713,0.0031789187300685687,2019-09-03T23:46:53.805
0.41541129412624045,0.003137084553089978,2019-09-20T09:09:42.032
1.612387289678919,0.0024829339159574563,2019-09-05T07:47:49.631
0.6579633261491935,0.0010463701419284625,2019-08-14T08:25:14.055
1.5493864714913368,0.0030560886821250936,2019-09-03T20:46:32.435
1.0156960708964036,0.0019028958285741808,2019-09-12T20:52:25.416
1.0448860763736345,0.005740781797424047,2019-09-24T04:40:12.195
1.5618809205819488,0.009762028315084352,2019-08-25T04:40:44.369
1.499504011019983,0.003146226439821937,2019-09-18T20:36:26.662
1.4545751465191366,0.0031219383699359095,2019-09-04T20:39:07.937
1.533314422785498,0.003858267324704455,2019-08-20T04:56:56.485
1.4793762374189168,0.003898420946472541,2019-09-29T00:34:01.614
1.5928674306091146,0.0019415049876680775,2019-09-22T05:19:21.490
1.6124600937170257,0.003006508231325717,2019-08-05T21:47:13.110
1.5410999636190006,0.003316930659024398,2019-09-25T20:51:16.632
1.0190183009515081,0.0017320458625527785,2019-08-14T23:48:01.570
0.33063545847015696,0.004211370884512592,2019-08-30T20:31:10.878
1.3037787649669514,0.0029153980430192,2019-09-04T21:12:15.505
1.5635359293603912,0.0033402179156315436,2019-09-19T21:00:54.267
1.1762795584043761,0.002336798319600966,2019-09-09T20:20:15.604
1.1852773214882841,0.00152802599243883,2019-08-13T08:51:16.815
1.4318720368742,0.0031316857851419423,2019-09-04T07:46:47.739
1.6249954268144027,0.0021278469180361333,2019-09-22T08:07:00.991
1.5223564395361855,0.0036419377375017654,2019-09-28T20:20:09.453
1.5614662560550663,0.0022207776363953693,2019-08-31T04:53:56.688
1.565377791683856,0.003154223747329899,2019-09-02T20:54:00.255
0.9140439268422398,0.0016830604593905095,2019-08-14T20:49:02.825
2.610690938187643,0.007320241922363314,2019-08-21T04:45:59.183
1.0098694839167432,0.0018653183851457924,2019-08-13T21:07:42.231
1.5790333554393339,0.002131639006956113,2019-09-26T08:18:18.117
1.077622188714777,0.002036912573783465,2019-09-11T20:22:37.798
1.487494786728309,0.002960557090546587,2019-09-21T00:04:35.060
1.460497096319271,0.001793045219934534,2019-09-10T07:44:24.368
3.1993076813978742,0.015260419005612121,2019-08-30T00:23:02.090
1.5688184597332935,0.0025067632891233693,2019-09-17T08:55:59.762
1.5892546020447735,0.002250955884872589,2019-08-31T04:50:31.397
1.5351794716066305,0.002454337531570898,2019-09-03T07:44:25.014
1.5768092314423878,0.003361142178100476,2019-09-20T20:51:30.392
1.4828652109320544,0.0028469502038373866,2019-09-04T07:45:34.717
1.0922096154787457,0.005414466271392435,2019-09-23T20:05:14.387
1.48613881586075,0.0036537234361251024,2019-09-29T00:21:18.550
1.0449049227834202,0.0018135519387951487,2019-09-17T08:54:46.341
1.5485435468205555,0.0026481013034621395,2019-09-02T04:53:26.966
1.6284053730464496,0.0022641716579738704,2019-09-28T08:35:15.050
1.5856504885305078,0.0021436040556487676,2019-09-26T08:17:04.820
1.4472008451988074,0.0017848657689019155,2019-09-10T07:45:37.617
1.0810413200083175,0.002086369862480481,2019-08-12T03:07:34.748
2.5980480990855277,0.007175273598578362,2019-08-21T04:47:07.715
0.9214876209393701,0.001697298535115205,2019-08-14T20:50:17.267
1.5027322416435531,0.0021246340551276006,2019-09-19T07:45:37.675
1.51531449013817,0.0030182776917369535,2019-09-03T20:45:16.424
1.424250598424532,0.0031917606628610925,2019-08-18T20:57:31.480
0.5484136254267646,0.0030950833120762526,2019-09-20T09:08:28.901
0.7029046725047472,0.0010646370955871387,2019-08-14T08:26:29.763
1.5253384601816826,0.0031673015272948974,2019-09-26T00:10:05.818
1.0693181072441398,0.002078197275125112,2019-09-06T07:48:07.549
1.5414583723950557,0.0021779080801283797,2019-08-03T05:08:41.842
1.540110288542925,0.0022258733981192977,2019-09-05T04:57:18.327
1.4736932466555892,0.0022061862306923356,2019-08-07T05:00:27.983
0.9740977398938853,0.0019171144020928006,2019-08-17T23:44:22.325
1.4630266333755593,0.0018764397569419643,2019-08-19T07:48:00.895
1.6121747566047038,0.00193923219636177,2019-08-08T08:25:10.308
2.0249641829328766,0.008958345706716254,2019-08-25T04:39:35.950
0.969896209302874,0.0018530321196865741,2019-09-13T20:15:07.952
1.6624763286712376,0.0020216744716393077,2019-09-25T08:19:11.915
1.498466723701144,0.0029425918503064364,2019-08-21T00:36:29.228
1.514591159398897,0.002290204985606511,2019-09-03T04:57:18.426
1.3228286096625634,0.002745118902988628,2019-08-17T20:42:05.715
1.6504333395934854,0.0021827309137815642,2019-09-28T08:39:29.320
1.4268425595464613,0.0029544401246270227,2019-09-21T20:05:50.894
1.4333014655507643,0.0016951921023831797,2019-08-12T08:26:25.662
1.1054723593332216,0.001550470697697892,2019-08-19T11:47:46.101
1.3743255866683537,0.00157972798864214,2019-08-13T08:25:06.408
1.5038831488338342,0.0030138518264796466,2019-08-22T00:43:04.119
1.499047419867047,0.0028465410343672995,2019-09-26T05:08:49.921
1.5097013651490911,0.0033352925520658827,2019-09-26T20:09:38.585
1.1055163712985046,0.002131636473044481,2019-09-14T20:30:09.742
1.553075727052585,0.0023748902736213215,2019-08-05T05:07:13.660
1.4692089351360167,0.0025069810352129304,2019-09-12T23:46:55.104
1.5620003249476984,0.0033340235006832945,2019-09-25T21:15:17.075
1.589335458437203,0.00319868466658944,2019-09-03T23:48:07.097
2.5652973394674774,0.010356884161163834,2019-08-26T04:51:53.037
0.6895082801438939,0.0011537486824358726,2019-09-11T07:48:04.434
1.094586545864706,0.006502277994223019,2019-09-02T07:51:10.584
1.4726231660568683,0.0029617247914959306,2019-09-21T00:25:10.061
1.5994186346875026,0.0021597293966319894,2019-09-01T07:51:29.237
1.524020945017357,0.003081434487813979,2019-09-17T20:17:23.558
1.367995648915132,0.0050004100750915235,2019-08-29T04:55:20.652
1.104257540114581,0.002179043639650308,2019-09-18T00:07:17.681
2.6408357817326973,0.007505626228188363,2019-08-25T07:47:51.182
1.434526276420847,0.0029046336741473298,2019-09-01T20:26:27.082
1.0605425287547678,0.0020846245822972267,2019-09-10T20:20:04.194
1.4581419191202123,0.003149289624674464,2019-08-19T20:50:18.085
0.9394611580487187,0.0022941474750551426,2019-08-08T20:58:55.411
1.4439296667103694,0.003323118994259357,2019-09-30T20:06:32.866
1.583114436371595,0.0030128077637128934,2019-08-06T03:20:21.900
0.4635467974739882,0.0028858588380227027,2019-08-23T20:54:40.560
1.6342626608375728,0.0020297743359009484,2019-08-24T11:44:26.186
1.2300663180553109,0.0023513577610712252,2019-08-10T21:10:47.787
1.5763815338574965,0.0030894620277409184,2019-08-03T23:01:44.675
1.4273524755531675,0.0018335061372669965,2019-09-30T05:07:57.568
1.6068644034099169,0.0033540892742023477,2019-09-23T00:04:33.112
0.6241162317009596,0.0011546410772478436,2019-08-15T08:50:09.628
1.5129827628960282,0.002008818188424107,2019-08-23T11:47:10.835
1.4789967677251799,0.0031786657291093118,2019-09-27T20:08:31.178
1.4150754556445637,0.0031373249417791624,2019-08-25T20:43:06.692
0.5681867134498759,0.0012660470974252289,2019-08-16T00:30:46.568
1.4210165929914584,0.002939022972543889,2019-09-20T00:08:38.465
1.5444748509265978,0.002250935141325612,2019-09-27T05:10:15.636
1.5632389998015626,0.0032844128216182457,2019-09-26T00:36:59.872
0.45736370481712463,0.0016947126900958244,2019-09-07T20:19:52.864
1.63965448398935,0.0033361722691274925,2019-09-02T23:45:40.765
1.457782726243785,0.0030753856798489128,2019-09-22T00:11:15.072
1.564386236786735,0.003356677285730243,2019-08-28T00:37:52.954
1.4408643534338204,0.002837142090102975,2019-09-20T00:07:40.607
1.5528220234413599,0.003065904667393457,2019-09-05T23:49:27.644
1.6340203116172152,0.0020492339661679674,2019-09-27T08:46:14.409
3.01850506853496,0.01028167063540502,2019-08-27T04:45:30.231
1.6104053508647063,0.0020360815982305588,2019-09-23T09:12:47.309
1.5727826260337157,0.0031340258015419673,2019-08-11T03:21:18.775
1.4728495922405447,0.003282752959535957,2019-08-10T03:02:15.712
1.547964309487286,0.0023474035653192546,2019-08-03T08:27:26.211
1.132556530686573,0.00878523716938959,2019-08-26T04:01:23.812
1.5076883439678692,0.0035646811674445666,2019-08-26T23:59:12.460
1.5985539006754355,0.0020633894318351797,2019-09-29T08:06:59.141
1.5481924709637305,0.003460462283954632,2019-09-25T00:28:41.244
1.571619102552976,0.003338858946554328,2019-08-09T02:27:42.027
1.447229767217399,0.003538339085943547,2019-09-24T04:19:58.347
0.5537704888376567,0.003708151968361594,2019-08-20T07:45:32.865
1.5309467118854894,0.002299901013548178,2019-09-03T04:53:52.913
3.118883889810892,0.012452897430251563,2019-09-23T00:05:58.432
0.19040066987907522,0.0017068485246308398,2019-08-16T04:52:47.013
0.807159199606307,0.002148531124781017,2019-08-16T20:59:05.356
1.1040092230175524,0.0019883855403906056,2019-09-11T23:44:28.406
0.7794394872387986,0.0013782159757206958,2019-08-15T04:51:51.615
1.472393973023438,0.002920056485843124,2019-09-05T20:43:18.985
1.5867627106644822,0.0019229230021164457,2019-08-09T08:28:51.092
1.4693129822608935,0.003815051291107223,2019-08-07T08:26:16.469
1.4540293640045672,0.003120638711554458,2019-09-21T20:05:49.765
0.46965104075781205,0.005267630017269814,2019-09-20T08:21:37.597
1.6546676008707646,0.0033181837013564262,2019-09-01T23:47:04.918
1.5866100968128816,0.0033931387978505018,2019-08-29T00:14:48.681
1.5467729596872406,0.0031164137125938283,2019-09-19T21:06:33.669
1.5049315411782,0.002831743277739073,2019-09-26T05:09:58.391
0.7963691845157417,0.001507497814569034,2019-08-17T07:44:25.038
1.568066551563243,0.0025445851926291785,2019-08-05T08:27:26.090
1.4800084897632644,0.0024568508010322752,2019-08-22T11:51:19.431
1.3232422022161696,0.0027843255446806468,2019-09-15T20:25:56.548
1.529242915895459,0.0029872909379618333,2019-09-04T21:07:19.558
1.49314472072896,0.0030046798215422714,2019-08-21T20:57:45.416
1.1509665449201663,0.0021787397337396644,2019-08-13T03:19:55.003
1.5155588957385984,0.0032620328160578665,2019-09-25T20:32:40.033
1.0176683342434671,0.0018215373521632736,2019-08-14T03:00:15.313
1.215051199015532,0.002174508767946904,2019-08-11T21:29:57.502
1.6435822953945056,0.0020421525631978475,2019-09-27T08:27:46.180
1.4697880018937024,0.0041340742459594175,2019-08-25T00:21:40.733
1.558206772733035,0.0030620320597181195,2019-08-02T22:30:14.222
1.2794402716400661,0.0026044036076815925,2019-09-20T21:00:47.435
1.5644257508348023,0.0030943597478360527,2019-08-04T22:17:05.271
1.594470490817578,0.0018923109349243672,2019-09-07T07:47:04.479
0.32960109706951357,0.002101805264777881,2019-08-16T20:57:50.842
1.0301329135629924,0.0019078558569645251,2019-09-12T20:51:12.011
1.2090385523441167,0.0029950794705727777,2019-08-22T07:45:32.808
1.5681590141072395,0.003366683673106001,2019-08-09T02:25:14.619
1.4626101509426022,0.003491134085943605,2019-09-30T20:04:33.353
1.4960639497510329,0.003996791688796024,2019-08-07T08:25:07.871
1.6078939946369424,0.0020733071224195896,2019-09-29T08:03:19.528
1.1171251623901632,0.0014367948921962593,2019-09-14T08:44:32.091
1.2772250545958475,0.0035330251350117153,2019-08-20T04:55:47.898
1.4754471385497556,0.003896670538296624,2019-09-29T00:32:47.417
1.5859611600833627,0.0024327239725440942,2019-08-06T10:05:20.673
1.550860051227728,0.0030473295337487927,2019-09-05T23:53:07.444
1.5127965865373412,0.003140028793168749,2019-09-24T00:09:50.381
1.4677154655365214,0.003053589539899213,2019-09-18T20:37:40.272
1.4690948130563175,0.002817604846519868,2019-08-06T21:04:09.114
1.5712231305434283,0.0033507088809876812,2019-09-19T20:59:39.466
1.5007256708463697,0.003409657864243851,2019-08-25T23:46:54.188
2.9802519110066976,0.00952344503958788,2019-09-06T23:45:38.242
0.442685658395483,0.0016602112061530044,2019-09-07T20:16:07.725
1.4900044382002395,0.0024314614755977953,2019-08-22T11:52:32.613
1.5048074904682398,0.0030303955938268136,2019-09-22T00:26:16.019
1.6220348649016145,0.0021355134911251925,2019-09-22T08:05:47.920
1.1214358346776585,0.0026604984266311122,2019-09-07T23:46:56.418
1.4274115879142961,0.003469052061502912,2019-08-31T00:38:54.179
1.019108118704164,0.0019159030375609865,2019-09-15T00:16:30.066
1.459538126773186,0.0031752423850915875,2019-08-28T20:42:56.357
0.7522167448227002,0.0015626388394550327,2019-08-15T20:52:54.745
1.5528857875563027,0.0021109155934758306,2019-09-23T09:12:48.267
0.3882957460894243,0.001874490127715539,2019-09-18T07:45:36.599
1.5889181546006448,0.003005806265491833,2019-08-06T03:24:02.773
1.58289650278242,0.0031686174055101605,2019-08-01T04:12:59.645
1.6364009460002968,0.0020272539742112227,2019-08-24T11:48:07.556
0.36865272843240415,0.012811534951880725,2019-08-30T04:55:46.238
1.5101542028598818,0.0019289051119687818,2019-09-30T05:11:36.934
1.6193096790921828,0.002126348829552287,2019-09-25T08:23:55.914
1.1454111162361489,0.0021001443245278924,2019-09-10T23:45:38.281
1.2936742218239825,0.0016961117004536147,2019-09-30T08:56:58.481
1.3576247181613041,0.0038000520097667386,2019-09-17T20:45:27.133
1.0137400857781866,0.0035997169522794803,2019-09-30T00:12:42.652
1.5545886936581415,0.0033716954007993083,2019-09-24T20:17:32.206
1.2266819638457527,0.002176367506295459,2019-08-11T21:26:16.983
2.9544850771403244,0.009983913421694945,2019-08-31T23:48:08.428
0.6271586493123387,0.0011595691394250423,2019-08-15T08:49:01.022
0.01715904108082711,0.0005139808534911598,2019-08-16T11:48:07.995
1.501107774312878,0.002982919689473953,2019-09-04T21:03:39.095
1.6050581241932207,0.002136276930528262,2019-09-29T08:21:04.131
1.4144050425750567,0.0029299893371728383,2019-09-20T00:09:52.830
1.4572761137541352,0.0030838911069057027,2019-09-22T00:10:01.832
1.2708321968908667,0.0027044322058677366,2019-09-15T20:29:36.565
1.5646773975195654,0.003293502653984012,2019-09-25T00:06:28.256
1.433143450720861,0.0018546331273686981,2019-08-20T11:49:37.988
0.1577782128964973,0.0031040464460107718,2019-09-16T20:14:54.418
3.0342261134912176,0.010773677266758201,2019-08-26T07:44:26.576
1.2560452987001476,0.002349573066265994,2019-08-10T21:07:06.910
1.607775847217594,0.002026669217226565,2019-09-23T09:14:00.325
1.4580421687340284,0.004722976345113573,2019-08-21T07:45:51.273
1.26652692052458,0.0016056198268780313,2019-09-25T05:08:42.023
0.9236671088099904,0.0022341607572776727,2019-08-18T23:45:35.514
1.5403190064515115,0.0022425975795596206,2019-09-27T05:13:41.027
1.1316331415634178,0.002329453530087114,2019-08-09T20:55:36.514
0.8683980700239147,0.0017844259937632194,2019-09-15T23:44:24.866
1.5455477166945517,0.003461008151161236,2019-09-25T00:27:26.847
1.4049369225959367,0.0029459653003271473,2019-09-20T05:14:39.820
1.5341666641992404,0.0020207594682348767,2019-08-21T11:45:33.284
1.5551902248251288,0.0018888402092361904,2019-09-22T05:16:54.141
1.5068232577469267,0.0031400701650884325,2019-09-04T20:36:37.316
1.0466359798011293,0.007628251552407662,2019-08-29T07:44:24.019
1.398752575213976,0.0028646523050823306,2019-09-18T23:48:22.772
1.3201026327630778,0.002750522588534045,2019-08-07T21:25:22.162
1.5130553537253775,0.0030230587103984214,2019-08-22T00:39:20.620
1.5415009006927765,0.0030441038229786967,2019-09-03T20:49:01.372
1.3084061774597906,0.0016724876486835076,2019-09-23T05:09:50.117
0.5253581883602525,0.00796901382869071,2019-09-24T04:42:29.016
0.2389985675548303,0.0031037441650754003,2019-09-20T09:12:08.129
0.7552283092371699,0.001574121551906115,2019-08-16T23:44:38.548
1.492685373307168,0.0032390034649079145,2019-09-27T20:33:04.262
1.6002821498664836,0.0020094189123587517,2019-09-26T08:44:35.173
1.5647351795169442,0.0022739454572593327,2019-09-28T08:38:59.564
1.3185672997346138,0.002508909868769906,2019-09-08T23:44:24.154
3.2808005435440766,0.013719055761144097,2019-08-30T00:20:34.708
1.6033369218229492,0.002995041187948885,2019-08-05T21:44:46.161
1.377314072911556,0.002793198163559512,2019-09-06T20:20:20.706
1.4655055116189732,0.0031760557972481916,2019-08-19T20:51:32.495
1.522332995079804,0.0036450351303901137,2019-09-28T20:17:40.235
1.5609454908968772,0.0031419368053893465,2019-09-02T20:51:33.286
1.420061687982816,0.002305050398047214,2019-09-13T23:46:55.301
1.180481371811842,0.0015342590724242143,2019-08-13T08:48:59.898
1.4500222481702263,0.0017390462947537591,2019-08-18T08:55:13.974
1.5571557674086822,0.0022482024044749413,2019-09-04T04:43:08.005
1.5251027910119017,0.002397710601208372,2019-09-03T07:47:51.199
1.5836318297569232,0.0033669121815630095,2019-08-24T00:28:56.940
1.574147425697296,0.002265323274718497,2019-09-27T04:48:22.798
0.9226307101265636,0.002189029954075662,2019-08-19T00:17:08.224
2.525948272827705,0.007714001276292051,2019-09-22T08:21:00.277
1.4551350864408246,0.002005742245005992,2019-09-22T05:19:01.309
1.5651109576335909,0.0024445450948238764,2019-09-30T04:57:32.727
1.0951996050549813,0.0021076733026808674,2019-08-12T03:11:14.523
2.763485111842634,0.008262763827354334,2019-08-27T07:46:40.908
1.2320828758745446,0.002976391570065081,2019-09-20T05:15:52.836
1.291993050125292,0.0016258689452718971,2019-09-30T08:37:13.646
1.6654397276321706,0.002039081509493083,2019-08-23T07:45:52.777
1.970279090186418,0.007454960622401482,2019-09-30T00:15:50.419
0.04865608742578331,0.002945058399701264,2019-09-16T20:16:08.741
0.9997342640820506,0.002344552924118307,2019-09-10T00:19:46.925
1.450614648408175,0.004021941460093834,2019-08-30T07:44:25.778
1.5508948925164034,0.0021904818262938365,2019-08-03T05:05:15.226
1.223369496320645,0.0021705172221065773,2019-08-10T08:26:22.711
1.0854985984080425,0.0021070778728309093,2019-09-14T20:33:51.254
1.2416598829302306,0.0023037142684139236,2019-09-15T23:48:05.360
1.5580309794859808,0.002260707623369402,2019-08-11T08:48:12.647
2.602292645259922,0.010398804016060387,2019-08-27T20:52:44.833
1.3425083757680412,0.0016784180527621717,2019-08-18T11:56:56.375
1.439027367615358,0.003744667675557639,2019-09-23T20:04:34.982
0.9337198077098385,0.001970187952545594,2019-09-08T20:23:31.232
